seq,model/RBS-317-MobileNet_triplet.pth,model/RBS-317-MobileNet_dimer.pth,model/RBS-317-EnsembleNet-M.pth
AAAAAACCATTATATTAGGAGGAAATAACA,30.45878028869629,38.513450622558594,37.71675109863281
AAAAATGTTTATTATGGAGAAGGATTATCA,82.58473205566406,26.26998519897461,36.85435104370117
AAAAATGTTTTTCATGAAAAAAAATTATCA,17.36115264892578,27.4984188079834,33.777408599853516
AAAACGAAAAGCAATAAGGAGGAAATCCCA,9.288291931152344,63.66981887817383,35.63985824584961
